Type,Name,Request Count,Failure Count,Median Response Time,Average Response Time,Min Response Time,Max Response Time,Average Content Size,Requests/s,Failures/s,50%,66%,75%,80%,90%,95%,98%,99%,99.9%,99.99%,100%
GET,/,34,0,5,5.766376472927411,3.0752000166103244,19.03560000937432,7083.0,0.5709162977610966,0.0,5,6,6,6,7,18,19,19,19,19,19
POST,/api/chat,26,0,6700,6445.937757700449,5.463799985591322,18519.117499992717,4151.576923076923,0.4365830512290739,0.0,7300,9300,12000,12000,13000,15000,19000,19000,19000,19000,19000
GET,/api/history,17,0,5,5.829458823427558,3.5901000373996794,10.974399978294969,987.0,0.2854581488805483,0.0,5,7,7,7,8,11,11,11,11,11,11
GET,/api/kg/search,54,0,5,5.541698151285312,2.9215000104159117,18.149100011214614,826.1666666666666,0.9067494140911535,0.0,5,5,6,6,7,10,11,18,18,18,18
GET,/api/kg/status,67,0,5,5.144505970937603,2.93960003182292,17.618500045500696,1127.0,1.1250409397056904,0.0,5,5,5,5,7,7,17,18,18,18,18
GET,/api/kg/visualization,68,0,5,5.306913234081174,2.8301000129431486,9.255899989511818,5740.367647058823,1.1418325955221933,0.0,5,6,6,6,7,7,9,9,9,9,9
POST,/api/session/new,30,0,12,13.25687999293829,5.852399975992739,24.321399978362024,148.0,0.5037496744950853,0.0,12,14,15,17,21,23,24,24,24,24,24
GET,/api/settings,25,0,5,5.957915997132659,3.677800006698817,11.348499974701554,257.96,0.4197913954125711,0.0,5,6,6,8,8,9,11,11,11,11,11
POST,/api/settings,21,0,5,6.069842850722905,3.346799989230931,18.263999954797328,257.23809523809524,0.35262477214655974,0.0,5,6,6,6,8,9,18,18,18,18,18
GET,/api/stats,75,0,5,5.798724005774905,2.4967000354081392,11.438200017437339,806.2,1.2593741862377132,0.0,5,6,6,7,8,9,11,11,11,11,11
GET,/api/status,65,0,5,5.671843077736692,2.7544000186026096,19.327200017869473,521.7076923076924,1.0914576280726849,0.0,5,6,6,7,8,8,8,19,19,19,19
GET,/api/topic/domains,35,0,5,6.7344800053563505,3.0944999889470637,32.668499974533916,83.0,0.5877079535775995,0.0,5,6,6,7,8,19,33,33,33,33,33
POST,/api/topic/feedback,20,0,11,11.733625002671033,8.03169998107478,21.119099983479828,114.35,0.33583311633005686,0.0,11,12,13,13,19,21,21,21,21,21,21
GET,/api/topic/feedback/summary,39,0,5,5.748717948639144,2.980499994009733,10.395999997854233,158.2051282051282,0.654874576843611,0.0,5,6,6,7,9,9,10,10,10,10,10
GET,/api/topic/search,31,0,7,7.296387089281192,4.398899967782199,16.630500031169504,641.1290322580645,0.5205413303115881,0.0,7,7,8,8,9,13,17,17,17,17,17
POST,/api/topic/stage/create,62,0,5,5.165770972868608,3.2270000083371997,18.47690000431612,598.0,1.0410826606231762,0.0,5,5,5,6,7,7,9,18,18,18,18
GET,/api/topic/stage/session,62,0,3,3.7776129019837223,2.0394999883137643,27.602799993474036,14348.661290322581,1.0410826606231762,0.0,3,3,3,4,4,4,16,28,28,28,28
POST,/api/topic/stage/submit,310,0,4,5.62809354892271,1.9604000262916088,29.353199992328882,2598.416129032258,5.205413303115882,0.0,4,5,6,7,10,11,21,27,29,29,29
GET,/api/topic/statistics,38,0,6,6.5794789498843445,3.933900035917759,17.476100008934736,148.0,0.6380829210271081,0.0,6,7,7,7,9,10,17,17,17,17,17
GET,/knowledge-graph,38,0,5,5.294271055486445,3.658300032839179,18.154599994886667,28112.0,0.6380829210271081,0.0,5,5,6,6,7,7,18,18,18,18,18
GET,/topic-recommendation,33,0,5,5.389054547501446,3.7127999821677804,18.139599997084588,19315.0,0.5541246419445939,0.0,5,5,6,6,7,9,18,18,18,18,18
,Aggregated,1150,0,5,151.4965613053747,1.9604000262916088,18519.117499992717,3879.4695652173914,19.31040418897827,0.0,5,6,7,7,10,15,26,7800,15000,19000,19000
